"sku","tier_price_website","tier_price_customer_group","tier_price_qty","tier_price","tier_price_value_type"
"MIL030020","All Websites [USD]","B2B Registered Users",5,5,"Discount"
"MIL030020","All Websites [USD]","Tools & Lighting",5,5,"Discount"
"MIL088020","All Websites [USD]","B2B Registered Users",5,5,"Discount"
"MIL088020","All Websites [USD]","Tools & Lighting",5,5,"Discount"
"MIL12501","All Websites [USD]","B2B Registered Users",5,5,"Discount"
"MIL12501","All Websites [USD]","Tools & Lighting",5,5,"Discount"
"MIL16766","All Websites [USD]","B2B Registered Users",5,5,"Discount"
"MIL16766","All Websites [USD]","Tools & Lighting",5,5,"Discount"
"MIL168021","All Websites [USD]","Tools & Lighting",5,5,"Discount"
"MIL168021","All Websites [USD]","B2B Registered Users",5,5,"Discount"
"MIL221020","All Websites [USD]","Tools & Lighting",5,5,"Discount"
"MIL221020","All Websites [USD]","B2B Registered Users",5,5,"Discount"
"MIL223520","All Websites [USD]","Tools & Lighting",5,5,"Discount"
"MIL223520","All Websites [USD]","B2B Registered Users",5,5,"Discount"
"MIL229021","All Websites [USD]","B2B Registered Users",5,5,"Discount"
"MIL229021","All Websites [USD]","Tools & Lighting",5,5,"Discount"
"MIL230622","All Websites [USD]","Tools & Lighting",5,5,"Discount"
"MIL230622","All Websites [USD]","B2B Registered Users",5,5,"Discount"
"MIL231021","All Websites [USD]","Tools & Lighting",5,5,"Discount"
"MIL231021","All Websites [USD]","B2B Registered Users",5,5,"Discount"
"MIL232020","All Websites [USD]","Tools & Lighting",5,5,"Discount"
"MIL232020","All Websites [USD]","B2B Registered Users",5,5,"Discount"
"MIL232220","All Websites [USD]","B2B Registered Users",5,5,"Discount"
"MIL232220","All Websites [USD]","Tools & Lighting",5,5,"Discount"
"MIL232221","All Websites [USD]","B2B Registered Users",5,5,"Discount"
"MIL232221","All Websites [USD]","Tools & Lighting",5,5,"Discount"
"MIL2331L","All Websites [USD]","B2B Registered Users",5,5,"Discount"
"MIL2331L","All Websites [USD]","Tools & Lighting",5,5,"Discount"
"MIL2331M","All Websites [USD]","B2B Registered Users",5,5,"Discount"
"MIL2331M","All Websites [USD]","Tools & Lighting",5,5,"Discount"
"MIL2331XL","All Websites [USD]","Tools & Lighting",5,5,"Discount"
"MIL2331XL","All Websites [USD]","B2B Registered Users",5,5,"Discount"
"MIL2331XXL","All Websites [USD]","B2B Registered Users",5,5,"Discount"
"MIL2331XXL","All Websites [USD]","Tools & Lighting",5,5,"Discount"
"MIL2333L","All Websites [USD]","B2B Registered Users",5,5,"Discount"
"MIL2333L","All Websites [USD]","Tools & Lighting",5,5,"Discount"
"MIL2333M","All Websites [USD]","B2B Registered Users",5,5,"Discount"
"MIL2333M","All Websites [USD]","Tools & Lighting",5,5,"Discount"
"MIL2333S","All Websites [USD]","B2B Registered Users",5,5,"Discount"
"MIL2333S","All Websites [USD]","Tools & Lighting",5,5,"Discount"
"MIL2333XL","All Websites [USD]","Tools & Lighting",5,5,"Discount"
"MIL2333XL","All Websites [USD]","B2B Registered Users",5,5,"Discount"
"MIL2333XXL","All Websites [USD]","Tools & Lighting",5,5,"Discount"
"MIL2333XXL","All Websites [USD]","B2B Registered Users",5,5,"Discount"
"MIL233520","All Websites [USD]","B2B Registered Users",5,5,"Discount"
"MIL233520","All Websites [USD]","Tools & Lighting",5,5,"Discount"
"MIL2338L","All Websites [USD]","B2B Registered Users",5,5,"Discount"
"MIL2338L","All Websites [USD]","Tools & Lighting",5,5,"Discount"
"MIL2338M","All Websites [USD]","B2B Registered Users",5,5,"Discount"
"MIL2338M","All Websites [USD]","Tools & Lighting",5,5,"Discount"
"MIL2338XL","All Websites [USD]","Tools & Lighting",5,5,"Discount"
"MIL2338XL","All Websites [USD]","B2B Registered Users",5,5,"Discount"
"MIL2338XXL","All Websites [USD]","Tools & Lighting",5,5,"Discount"
"MIL2338XXL","All Websites [USD]","B2B Registered Users",5,5,"Discount"
"MIL2338XXXL","All Websites [USD]","Tools & Lighting",5,5,"Discount"
"MIL2338XXXL","All Websites [USD]","B2B Registered Users",5,5,"Discount"
"MIL2339L","All Websites [USD]","B2B Registered Users",5,5,"Discount"
"MIL2339L","All Websites [USD]","Tools & Lighting",5,5,"Discount"
"MIL2339M","All Websites [USD]","B2B Registered Users",5,5,"Discount"
"MIL2339M","All Websites [USD]","Tools & Lighting",5,5,"Discount"
"MIL2339S","All Websites [USD]","B2B Registered Users",5,5,"Discount"
"MIL2339S","All Websites [USD]","Tools & Lighting",5,5,"Discount"
"MIL2339XL","All Websites [USD]","B2B Registered Users",5,5,"Discount"
"MIL2339XL","All Websites [USD]","Tools & Lighting",5,5,"Discount"
"MIL2361-20","All Websites [USD]","B2B Registered Users",5,5,"Discount"
"MIL2361-20","All Websites [USD]","Tools & Lighting",5,5,"Discount"
"MIL236120","All Websites [USD]","B2B Registered Users",5,5,"Discount"
"MIL236120","All Websites [USD]","Tools & Lighting",5,5,"Discount"
"MIL236220","All Websites [USD]","B2B Registered Users",5,5,"Discount"
"MIL236220","All Websites [USD]","Tools & Lighting",5,5,"Discount"
"MIL236320","All Websites [USD]","B2B Registered Users",5,5,"Discount"
"MIL236320","All Websites [USD]","Tools & Lighting",5,5,"Discount"
"MIL2371L","All Websites [USD]","B2B Registered Users",5,5,"Discount"
"MIL2371L","All Websites [USD]","Tools & Lighting",5,5,"Discount"
"MIL2371M","All Websites [USD]","B2B Registered Users",5,5,"Discount"
"MIL2371M","All Websites [USD]","Tools & Lighting",5,5,"Discount"
"MIL2371S","All Websites [USD]","B2B Registered Users",5,5,"Discount"
"MIL2371S","All Websites [USD]","Tools & Lighting",5,5,"Discount"
"MIL2371XL","All Websites [USD]","Tools & Lighting",5,5,"Discount"
"MIL2371XL","All Websites [USD]","B2B Registered Users",5,5,"Discount"
"MIL2371XXL","All Websites [USD]","B2B Registered Users",5,5,"Discount"
"MIL2371XXL","All Websites [USD]","Tools & Lighting",5,5,"Discount"
"MIL2371XXXL","All Websites [USD]","B2B Registered Users",5,5,"Discount"
"MIL2371XXXL","All Websites [USD]","Tools & Lighting",5,5,"Discount"
"MIL2373L","All Websites [USD]","B2B Registered Users",5,5,"Discount"
"MIL2373L","All Websites [USD]","Tools & Lighting",5,5,"Discount"
"MIL2373M","All Websites [USD]","Tools & Lighting",5,5,"Discount"
"MIL2373M","All Websites [USD]","B2B Registered Users",5,5,"Discount"
"MIL2373S","All Websites [USD]","B2B Registered Users",5,5,"Discount"
"MIL2373S","All Websites [USD]","Tools & Lighting",5,5,"Discount"
"MIL2373XL","All Websites [USD]","Tools & Lighting",5,5,"Discount"
"MIL2373XL","All Websites [USD]","B2B Registered Users",5,5,"Discount"
"MIL2373XXL","All Websites [USD]","B2B Registered Users",5,5,"Discount"
"MIL2373XXL","All Websites [USD]","Tools & Lighting",5,5,"Discount"
"MIL2373XXXL","All Websites [USD]","B2B Registered Users",5,5,"Discount"
"MIL2373XXXL","All Websites [USD]","Tools & Lighting",5,5,"Discount"
"MIL2375L","All Websites [USD]","B2B Registered Users",5,5,"Discount"
"MIL2375L","All Websites [USD]","Tools & Lighting",5,5,"Discount"
"MIL2375M","All Websites [USD]","B2B Registered Users",5,5,"Discount"
"MIL2375M","All Websites [USD]","Tools & Lighting",5,5,"Discount"
"MIL2375S","All Websites [USD]","B2B Registered Users",5,5,"Discount"
"MIL2375S","All Websites [USD]","Tools & Lighting",5,5,"Discount"
"MIL2375XL","All Websites [USD]","Tools & Lighting",5,5,"Discount"
"MIL2375XL","All Websites [USD]","B2B Registered Users",5,5,"Discount"
"MIL2375XXL","All Websites [USD]","Tools & Lighting",5,5,"Discount"
"MIL2375XXL","All Websites [USD]","B2B Registered Users",5,5,"Discount"
"MIL2375XXXL","All Websites [USD]","B2B Registered Users",5,5,"Discount"
"MIL2375XXXL","All Websites [USD]","Tools & Lighting",5,5,"Discount"
"MIL2381L","All Websites [USD]","B2B Registered Users",5,5,"Discount"
"MIL2381L","All Websites [USD]","Tools & Lighting",5,5,"Discount"
"MIL2381M","All Websites [USD]","Tools & Lighting",5,5,"Discount"
"MIL2381M","All Websites [USD]","B2B Registered Users",5,5,"Discount"
"MIL2381S","All Websites [USD]","Tools & Lighting",5,5,"Discount"
"MIL2381S","All Websites [USD]","B2B Registered Users",5,5,"Discount"
"MIL2381XL","All Websites [USD]","B2B Registered Users",5,5,"Discount"
"MIL2381XL","All Websites [USD]","Tools & Lighting",5,5,"Discount"
"MIL2381XXL","All Websites [USD]","B2B Registered Users",5,5,"Discount"
"MIL2381XXL","All Websites [USD]","Tools & Lighting",5,5,"Discount"
"MIL2381XXXL","All Websites [USD]","B2B Registered Users",5,5,"Discount"
"MIL2381XXXL","All Websites [USD]","Tools & Lighting",5,5,"Discount"
"MIL2391L","All Websites [USD]","B2B Registered Users",5,5,"Discount"
"MIL2391L","All Websites [USD]","Tools & Lighting",5,5,"Discount"
"MIL2391M","All Websites [USD]","B2B Registered Users",5,5,"Discount"
"MIL2391M","All Websites [USD]","Tools & Lighting",5,5,"Discount"
"MIL2391S","All Websites [USD]","B2B Registered Users",5,5,"Discount"
"MIL2391S","All Websites [USD]","Tools & Lighting",5,5,"Discount"
"MIL2391XL","All Websites [USD]","Tools & Lighting",5,5,"Discount"
"MIL2391XL","All Websites [USD]","B2B Registered Users",5,5,"Discount"
"MIL2391XXL","All Websites [USD]","Tools & Lighting",5,5,"Discount"
"MIL2391XXL","All Websites [USD]","B2B Registered Users",5,5,"Discount"
"MIL2391XXXL","All Websites [USD]","Tools & Lighting",5,5,"Discount"
"MIL2391XXXL","All Websites [USD]","B2B Registered Users",5,5,"Discount"
"MIL2394L","All Websites [USD]","B2B Registered Users",5,5,"Discount"
"MIL2394L","All Websites [USD]","Tools & Lighting",5,5,"Discount"
"MIL2394M","All Websites [USD]","Tools & Lighting",5,5,"Discount"
"MIL2394M","All Websites [USD]","B2B Registered Users",5,5,"Discount"
"MIL2394S","All Websites [USD]","B2B Registered Users",5,5,"Discount"
"MIL2394S","All Websites [USD]","Tools & Lighting",5,5,"Discount"
"MIL2394XL","All Websites [USD]","B2B Registered Users",5,5,"Discount"
"MIL2394XL","All Websites [USD]","Tools & Lighting",5,5,"Discount"
"MIL2394XXL","All Websites [USD]","B2B Registered Users",5,5,"Discount"
"MIL2394XXL","All Websites [USD]","Tools & Lighting",5,5,"Discount"
"MIL2394XXXL","All Websites [USD]","B2B Registered Users",5,5,"Discount"
"MIL2394XXXL","All Websites [USD]","Tools & Lighting",5,5,"Discount"
"MIL2395L","All Websites [USD]","B2B Registered Users",5,5,"Discount"
"MIL2395L","All Websites [USD]","Tools & Lighting",5,5,"Discount"
"MIL2395M","All Websites [USD]","Tools & Lighting",5,5,"Discount"
"MIL2395M","All Websites [USD]","B2B Registered Users",5,5,"Discount"
"MIL2395S","All Websites [USD]","Tools & Lighting",5,5,"Discount"
"MIL2395S","All Websites [USD]","B2B Registered Users",5,5,"Discount"
"MIL2395XL","All Websites [USD]","B2B Registered Users",5,5,"Discount"
"MIL2395XL","All Websites [USD]","Tools & Lighting",5,5,"Discount"
"MIL2395XXL","All Websites [USD]","Tools & Lighting",5,5,"Discount"
"MIL2395XXL","All Websites [USD]","B2B Registered Users",5,5,"Discount"
"MIL2395XXXL","All Websites [USD]","B2B Registered Users",5,5,"Discount"
"MIL2395XXXL","All Websites [USD]","Tools & Lighting",5,5,"Discount"
"MIL240122","All Websites [USD]","B2B Registered Users",5,5,"Discount"
"MIL240122","All Websites [USD]","Tools & Lighting",5,5,"Discount"
"MIL240422","All Websites [USD]","B2B Registered Users",5,5,"Discount"
"MIL240422","All Websites [USD]","Tools & Lighting",5,5,"Discount"
"MIL240720","All Websites [USD]","B2B Registered Users",5,5,"Discount"
"MIL240720","All Websites [USD]","Tools & Lighting",5,5,"Discount"
"MIL241020","All Websites [USD]","Tools & Lighting",5,5,"Discount"
"MIL241020","All Websites [USD]","B2B Registered Users",5,5,"Discount"
"MIL241022","All Websites [USD]","Tools & Lighting",5,5,"Discount"
"MIL241022","All Websites [USD]","B2B Registered Users",5,5,"Discount"
"MIL241120","All Websites [USD]","B2B Registered Users",5,5,"Discount"
"MIL241120","All Websites [USD]","Tools & Lighting",5,5,"Discount"
"MIL241520","All Websites [USD]","B2B Registered Users",5,5,"Discount"
"MIL241520","All Websites [USD]","Tools & Lighting",5,5,"Discount"
"MIL241521","All Websites [USD]","B2B Registered Users",5,5,"Discount"
"MIL241521","All Websites [USD]","Tools & Lighting",5,5,"Discount"
"MIL241622XC","All Websites [USD]","Tools & Lighting",5,5,"Discount"
"MIL241622XC","All Websites [USD]","B2B Registered Users",5,5,"Discount"
"MIL242020","All Websites [USD]","Tools & Lighting",5,5,"Discount"
"MIL242020","All Websites [USD]","B2B Registered Users",5,5,"Discount"
"MIL242022","All Websites [USD]","B2B Registered Users",5,5,"Discount"
"MIL242022","All Websites [USD]","Tools & Lighting",5,5,"Discount"
"MIL242620","All Websites [USD]","B2B Registered Users",5,5,"Discount"
"MIL242620","All Websites [USD]","Tools & Lighting",5,5,"Discount"
"MIL242920","All Websites [USD]","B2B Registered Users",5,5,"Discount"
"MIL242920","All Websites [USD]","Tools & Lighting",5,5,"Discount"
"MIL242921XC","All Websites [USD]","B2B Registered Users",5,5,"Discount"
"MIL242921XC","All Websites [USD]","Tools & Lighting",5,5,"Discount"
"MIL244520","All Websites [USD]","Tools & Lighting",5,5,"Discount"
"MIL244520","All Websites [USD]","B2B Registered Users",5,5,"Discount"
"MIL245020","All Websites [USD]","B2B Registered Users",5,5,"Discount"
"MIL245020","All Websites [USD]","Tools & Lighting",5,5,"Discount"
"MIL245022","All Websites [USD]","Tools & Lighting",5,5,"Discount"
"MIL245022","All Websites [USD]","B2B Registered Users",5,5,"Discount"
"MIL245120","All Websites [USD]","Tools & Lighting",5,5,"Discount"
"MIL245120","All Websites [USD]","B2B Registered Users",5,5,"Discount"
"MIL245322","All Websites [USD]","Tools & Lighting",5,5,"Discount"
"MIL245322","All Websites [USD]","B2B Registered Users",5,5,"Discount"
"MIL245620","All Websites [USD]","Tools & Lighting",5,5,"Discount"
"MIL245620","All Websites [USD]","B2B Registered Users",5,5,"Discount"
"MIL245720","All Websites [USD]","Tools & Lighting",5,5,"Discount"
"MIL245720","All Websites [USD]","B2B Registered Users",5,5,"Discount"
"MIL245820","All Websites [USD]","Tools & Lighting",5,5,"Discount"
"MIL245820","All Websites [USD]","B2B Registered Users",5,5,"Discount"
"MIL246020","All Websites [USD]","Tools & Lighting",5,5,"Discount"
"MIL246020","All Websites [USD]","B2B Registered Users",5,5,"Discount"
"MIL247020","All Websites [USD]","Tools & Lighting",5,5,"Discount"
"MIL247020","All Websites [USD]","B2B Registered Users",5,5,"Discount"
"MIL247120","All Websites [USD]","Tools & Lighting",5,5,"Discount"
"MIL247120","All Websites [USD]","B2B Registered Users",5,5,"Discount"
"MIL247221XC","All Websites [USD]","Tools & Lighting",5,5,"Discount"
"MIL247221XC","All Websites [USD]","B2B Registered Users",5,5,"Discount"
"MIL249124","All Websites [USD]","Tools & Lighting",5,5,"Discount"
"MIL249124","All Websites [USD]","B2B Registered Users",5,5,"Discount"
"MIL249422","All Websites [USD]","Tools & Lighting",5,5,"Discount"
"MIL249422","All Websites [USD]","B2B Registered Users",5,5,"Discount"
"MIL249722","All Websites [USD]","B2B Registered Users",5,5,"Discount"
"MIL249722","All Websites [USD]","Tools & Lighting",5,5,"Discount"
"MIL251020","All Websites [USD]","Tools & Lighting",5,5,"Discount"
"MIL251020","All Websites [USD]","B2B Registered Users",5,5,"Discount"
"MIL252021XC","All Websites [USD]","B2B Registered Users",5,5,"Discount"
"MIL252021XC","All Websites [USD]","Tools & Lighting",5,5,"Discount"
"MIL259020","All Websites [USD]","Tools & Lighting",5,5,"Discount"
"MIL259020","All Websites [USD]","B2B Registered Users",5,5,"Discount"
"MIL259220","All Websites [USD]","Tools & Lighting",5,5,"Discount"
"MIL259220","All Websites [USD]","B2B Registered Users",5,5,"Discount"
"MIL259422","All Websites [USD]","Tools & Lighting",5,5,"Discount"
"MIL259422","All Websites [USD]","B2B Registered Users",5,5,"Discount"
"MIL260120","All Websites [USD]","Tools & Lighting",5,5,"Discount"
"MIL260120","All Websites [USD]","B2B Registered Users",5,5,"Discount"
"MIL260220","All Websites [USD]","Tools & Lighting",5,5,"Discount"
"MIL260220","All Websites [USD]","B2B Registered Users",5,5,"Discount"
"MIL260222","All Websites [USD]","Tools & Lighting",5,5,"Discount"
"MIL260222","All Websites [USD]","B2B Registered Users",5,5,"Discount"
"MIL260322","All Websites [USD]","B2B Registered Users",5,5,"Discount"
"MIL260322","All Websites [USD]","Tools & Lighting",5,5,"Discount"
"MIL260422","All Websites [USD]","Tools & Lighting",5,5,"Discount"
"MIL260422","All Websites [USD]","B2B Registered Users",5,5,"Discount"
"MIL260520","All Websites [USD]","Tools & Lighting",5,5,"Discount"
"MIL260520","All Websites [USD]","B2B Registered Users",5,5,"Discount"
"MIL261020","All Websites [USD]","B2B Registered Users",5,5,"Discount"
"MIL261020","All Websites [USD]","Tools & Lighting",5,5,"Discount"
"MIL261120","All Websites [USD]","Tools & Lighting",5,5,"Discount"
"MIL261120","All Websites [USD]","B2B Registered Users",5,5,"Discount"
"MIL261124","All Websites [USD]","Tools & Lighting",5,5,"Discount"
"MIL261124","All Websites [USD]","B2B Registered Users",5,5,"Discount"
"MIL261520","All Websites [USD]","Tools & Lighting",5,5,"Discount"
"MIL261520","All Websites [USD]","B2B Registered Users",5,5,"Discount"
"MIL261521","All Websites [USD]","Tools & Lighting",5,5,"Discount"
"MIL261521","All Websites [USD]","B2B Registered Users",5,5,"Discount"
"MIL262020","All Websites [USD]","Tools & Lighting",5,5,"Discount"
"MIL262020","All Websites [USD]","B2B Registered Users",5,5,"Discount"
"MIL262520","All Websites [USD]","Tools & Lighting",5,5,"Discount"
"MIL262520","All Websites [USD]","B2B Registered Users",5,5,"Discount"
"MIL262521","All Websites [USD]","Tools & Lighting",5,5,"Discount"
"MIL262521","All Websites [USD]","B2B Registered Users",5,5,"Discount"
"MIL262920","All Websites [USD]","Tools & Lighting",5,5,"Discount"
"MIL262920","All Websites [USD]","B2B Registered Users",5,5,"Discount"
"MIL263020","All Websites [USD]","Tools & Lighting",5,5,"Discount"
"MIL263020","All Websites [USD]","B2B Registered Users",5,5,"Discount"
"MIL264120","All Websites [USD]","Tools & Lighting",5,5,"Discount"
"MIL264120","All Websites [USD]","B2B Registered Users",5,5,"Discount"
"MIL264520","All Websites [USD]","Tools & Lighting",5,5,"Discount"
"MIL264520","All Websites [USD]","B2B Registered Users",5,5,"Discount"
"MIL265020","All Websites [USD]","Tools & Lighting",5,5,"Discount"
"MIL265020","All Websites [USD]","B2B Registered Users",5,5,"Discount"
"MIL265120","All Websites [USD]","Tools & Lighting",5,5,"Discount"
"MIL265120","All Websites [USD]","B2B Registered Users",5,5,"Discount"
"MIL265220","All Websites [USD]","Tools & Lighting",5,5,"Discount"
"MIL265220","All Websites [USD]","B2B Registered Users",5,5,"Discount"
"MIL265322","All Websites [USD]","B2B Registered Users",5,5,"Discount"
"MIL265322","All Websites [USD]","Tools & Lighting",5,5,"Discount"
"MIL266220","All Websites [USD]","Tools & Lighting",5,5,"Discount"
"MIL266220","All Websites [USD]","B2B Registered Users",5,5,"Discount"
"MIL266520","All Websites [USD]","B2B Registered Users",5,5,"Discount"
"MIL266520","All Websites [USD]","Tools & Lighting",5,5,"Discount"
"MIL267622","All Websites [USD]","B2B Registered Users",5,5,"Discount"
"MIL267622","All Websites [USD]","Tools & Lighting",5,5,"Discount"
"MIL267623","All Websites [USD]","B2B Registered Users",5,5,"Discount"
"MIL267623","All Websites [USD]","Tools & Lighting",5,5,"Discount"
"MIL268020","All Websites [USD]","Tools & Lighting",5,5,"Discount"
"MIL268020","All Websites [USD]","B2B Registered Users",5,5,"Discount"
"MIL268220","All Websites [USD]","Tools & Lighting",5,5,"Discount"
"MIL268220","All Websites [USD]","B2B Registered Users",5,5,"Discount"
"MIL268222","All Websites [USD]","Tools & Lighting",5,5,"Discount"
"MIL268222","All Websites [USD]","B2B Registered Users",5,5,"Discount"
"MIL269024","All Websites [USD]","B2B Registered Users",5,5,"Discount"
"MIL269024","All Websites [USD]","Tools & Lighting",5,5,"Discount"
"MIL269122","All Websites [USD]","B2B Registered Users",5,5,"Discount"
"MIL269122","All Websites [USD]","Tools & Lighting",5,5,"Discount"
"MIL269124","All Websites [USD]","Tools & Lighting",5,5,"Discount"
"MIL269124","All Websites [USD]","B2B Registered Users",5,5,"Discount"
"MIL269222","All Websites [USD]","Tools & Lighting",5,5,"Discount"
"MIL269222","All Websites [USD]","B2B Registered Users",5,5,"Discount"
"MIL269524","All Websites [USD]","Tools & Lighting",5,5,"Discount"
"MIL269524","All Websites [USD]","B2B Registered Users",5,5,"Discount"
"MIL269626","All Websites [USD]","B2B Registered Users",5,5,"Discount"
"MIL269626","All Websites [USD]","Tools & Lighting",5,5,"Discount"
"MIL269722","All Websites [USD]","B2B Registered Users",5,5,"Discount"
"MIL269722","All Websites [USD]","Tools & Lighting",5,5,"Discount"
"MIL270320","All Websites [USD]","B2B Registered Users",5,5,"Discount"
"MIL270320","All Websites [USD]","Tools & Lighting",5,5,"Discount"
"MIL270422","All Websites [USD]","Tools & Lighting",5,5,"Discount"
"MIL270422","All Websites [USD]","B2B Registered Users",5,5,"Discount"
"MIL270720","All Websites [USD]","Tools & Lighting",5,5,"Discount"
"MIL270720","All Websites [USD]","B2B Registered Users",5,5,"Discount"
"MIL270722","All Websites [USD]","B2B Registered Users",5,5,"Discount"
"MIL270722","All Websites [USD]","Tools & Lighting",5,5,"Discount"
"MIL271020","All Websites [USD]","Tools & Lighting",5,5,"Discount"
"MIL271020","All Websites [USD]","B2B Registered Users",5,5,"Discount"
"MIL272020","All Websites [USD]","Tools & Lighting",5,5,"Discount"
"MIL272020","All Websites [USD]","B2B Registered Users",5,5,"Discount"
"MIL272920","All Websites [USD]","B2B Registered Users",5,5,"Discount"
"MIL272920","All Websites [USD]","Tools & Lighting",5,5,"Discount"
"MIL273020","All Websites [USD]","Tools & Lighting",5,5,"Discount"
"MIL273020","All Websites [USD]","B2B Registered Users",5,5,"Discount"
"MIL273520","All Websites [USD]","Tools & Lighting",5,5,"Discount"
"MIL273520","All Websites [USD]","B2B Registered Users",5,5,"Discount"
"MIL275322","All Websites [USD]","Tools & Lighting",5,5,"Discount"
"MIL275322","All Websites [USD]","B2B Registered Users",5,5,"Discount"
"MIL278020","All Websites [USD]","B2B Registered Users",5,5,"Discount"
"MIL278020","All Websites [USD]","Tools & Lighting",5,5,"Discount"
"MIL278120","All Websites [USD]","B2B Registered Users",5,5,"Discount"
"MIL278120","All Websites [USD]","Tools & Lighting",5,5,"Discount"
"MIL279020","All Websites [USD]","Tools & Lighting",5,5,"Discount"
"MIL279020","All Websites [USD]","B2B Registered Users",5,5,"Discount"
"MIL279220","All Websites [USD]","B2B Registered Users",5,5,"Discount"
"MIL279220","All Websites [USD]","Tools & Lighting",5,5,"Discount"
"MIL279624","All Websites [USD]","B2B Registered Users",5,5,"Discount"
"MIL279624","All Websites [USD]","Tools & Lighting",5,5,"Discount"
"MIL279626","All Websites [USD]","B2B Registered Users",5,5,"Discount"
"MIL279626","All Websites [USD]","Tools & Lighting",5,5,"Discount"
"MIL279722","All Websites [USD]","B2B Registered Users",5,5,"Discount"
"MIL279722","All Websites [USD]","Tools & Lighting",5,5,"Discount"
"MIL289624","All Websites [USD]","B2B Registered Users",5,5,"Discount"
"MIL289624","All Websites [USD]","Tools & Lighting",5,5,"Discount"
"MIL289722","All Websites [USD]","B2B Registered Users",5,5,"Discount"
"MIL289722","All Websites [USD]","Tools & Lighting",5,5,"Discount"
"MIL31076","All Websites [USD]","Tools & Lighting",5,5,"Discount"
"MIL31076","All Websites [USD]","B2B Registered Users",5,5,"Discount"
"MIL31152010","All Websites [USD]","Tools & Lighting",5,5,"Discount"
"MIL31152010","All Websites [USD]","B2B Registered Users",5,5,"Discount"
"MIL31504050","All Websites [USD]","Tools & Lighting",5,5,"Discount"
"MIL31504050","All Websites [USD]","B2B Registered Users",5,5,"Discount"
"MIL48001630","All Websites [USD]","Tools & Lighting",5,5,"Discount"
"MIL48001630","All Websites [USD]","B2B Registered Users",5,5,"Discount"
"MIL48001640","All Websites [USD]","B2B Registered Users",5,5,"Discount"
"MIL48001640","All Websites [USD]","Tools & Lighting",5,5,"Discount"
"MIL48004182","All Websites [USD]","Tools & Lighting",5,5,"Discount"
"MIL48004182","All Websites [USD]","B2B Registered Users",5,5,"Discount"
"MIL48004184","All Websites [USD]","Tools & Lighting",5,5,"Discount"
"MIL48004184","All Websites [USD]","B2B Registered Users",5,5,"Discount"
"MIL48004186","All Websites [USD]","Tools & Lighting",5,5,"Discount"
"MIL48004186","All Websites [USD]","B2B Registered Users",5,5,"Discount"
"MIL48004784","All Websites [USD]","Tools & Lighting",5,5,"Discount"
"MIL48004784","All Websites [USD]","B2B Registered Users",5,5,"Discount"
"MIL48004787","All Websites [USD]","Tools & Lighting",5,5,"Discount"
"MIL48004787","All Websites [USD]","B2B Registered Users",5,5,"Discount"
"MIL48004788","All Websites [USD]","Tools & Lighting",5,5,"Discount"
"MIL48004788","All Websites [USD]","B2B Registered Users",5,5,"Discount"
"MIL48005015","All Websites [USD]","Tools & Lighting",5,5,"Discount"
"MIL48005015","All Websites [USD]","B2B Registered Users",5,5,"Discount"
"MIL48005021","All Websites [USD]","Tools & Lighting",5,5,"Discount"
"MIL48005021","All Websites [USD]","B2B Registered Users",5,5,"Discount"
"MIL48005026","All Websites [USD]","Tools & Lighting",5,5,"Discount"
"MIL48005026","All Websites [USD]","B2B Registered Users",5,5,"Discount"
"MIL48005027","All Websites [USD]","Tools & Lighting",5,5,"Discount"
"MIL48005027","All Websites [USD]","B2B Registered Users",5,5,"Discount"
"MIL48005035","All Websites [USD]","Tools & Lighting",5,5,"Discount"
"MIL48005035","All Websites [USD]","B2B Registered Users",5,5,"Discount"
"MIL48005036","All Websites [USD]","Tools & Lighting",5,5,"Discount"
"MIL48005036","All Websites [USD]","B2B Registered Users",5,5,"Discount"
"MIL48005037","All Websites [USD]","Tools & Lighting",5,5,"Discount"
"MIL48005037","All Websites [USD]","B2B Registered Users",5,5,"Discount"
"MIL48005091","All Websites [USD]","Tools & Lighting",5,5,"Discount"
"MIL48005091","All Websites [USD]","B2B Registered Users",5,5,"Discount"
"MIL48005093","All Websites [USD]","Tools & Lighting",5,5,"Discount"
"MIL48005093","All Websites [USD]","B2B Registered Users",5,5,"Discount"
"MIL48005094","All Websites [USD]","B2B Registered Users",5,5,"Discount"
"MIL48005094","All Websites [USD]","Tools & Lighting",5,5,"Discount"
"MIL48005182","All Websites [USD]","Tools & Lighting",5,5,"Discount"
"MIL48005182","All Websites [USD]","B2B Registered Users",5,5,"Discount"
"MIL48005184","All Websites [USD]","Tools & Lighting",5,5,"Discount"
"MIL48005184","All Websites [USD]","B2B Registered Users",5,5,"Discount"
"MIL48005186","All Websites [USD]","Tools & Lighting",5,5,"Discount"
"MIL48005186","All Websites [USD]","B2B Registered Users",5,5,"Discount"
"MIL48005187","All Websites [USD]","Tools & Lighting",5,5,"Discount"
"MIL48005187","All Websites [USD]","B2B Registered Users",5,5,"Discount"
"MIL48005188","All Websites [USD]","Tools & Lighting",5,5,"Discount"
"MIL48005188","All Websites [USD]","B2B Registered Users",5,5,"Discount"
"MIL48005189","All Websites [USD]","Tools & Lighting",5,5,"Discount"
"MIL48005189","All Websites [USD]","B2B Registered Users",5,5,"Discount"
"MIL48005782","All Websites [USD]","Tools & Lighting",5,5,"Discount"
"MIL48005782","All Websites [USD]","B2B Registered Users",5,5,"Discount"
"MIL48005784","All Websites [USD]","Tools & Lighting",5,5,"Discount"
"MIL48005784","All Websites [USD]","B2B Registered Users",5,5,"Discount"
"MIL48005787","All Websites [USD]","Tools & Lighting",5,5,"Discount"
"MIL48005787","All Websites [USD]","B2B Registered Users",5,5,"Discount"
"MIL48005788","All Websites [USD]","Tools & Lighting",5,5,"Discount"
"MIL48005788","All Websites [USD]","B2B Registered Users",5,5,"Discount"
"MIL48062860","All Websites [USD]","Tools & Lighting",5,5,"Discount"
"MIL48062860","All Websites [USD]","B2B Registered Users",5,5,"Discount"
"MIL48080401","All Websites [USD]","Tools & Lighting",5,5,"Discount"
"MIL48080401","All Websites [USD]","B2B Registered Users",5,5,"Discount"
"MIL48095055","All Websites [USD]","Tools & Lighting",5,5,"Discount"
"MIL48095055","All Websites [USD]","B2B Registered Users",5,5,"Discount"
"MIL48111815","All Websites [USD]","B2B Registered Users",5,5,"Discount"
"MIL48111815","All Websites [USD]","Tools & Lighting",5,5,"Discount"
"MIL48111828","All Websites [USD]","Tools & Lighting",5,5,"Discount"
"MIL48111828","All Websites [USD]","B2B Registered Users",5,5,"Discount"
"MIL48111840","All Websites [USD]","Tools & Lighting",5,5,"Discount"
"MIL48111840","All Websites [USD]","B2B Registered Users",5,5,"Discount"
"MIL48112401","All Websites [USD]","Tools & Lighting",5,5,"Discount"
"MIL48112401","All Websites [USD]","B2B Registered Users",5,5,"Discount"
"MIL48112402","All Websites [USD]","B2B Registered Users",5,5,"Discount"
"MIL48112402","All Websites [USD]","Tools & Lighting",5,5,"Discount"
"MIL48130753","All Websites [USD]","Tools & Lighting",5,5,"Discount"
"MIL48130753","All Websites [USD]","B2B Registered Users",5,5,"Discount"
"MIL48130873","All Websites [USD]","Tools & Lighting",5,5,"Discount"
"MIL48130873","All Websites [USD]","B2B Registered Users",5,5,"Discount"
"MIL48131003","All Websites [USD]","Tools & Lighting",5,5,"Discount"
"MIL48131003","All Websites [USD]","B2B Registered Users",5,5,"Discount"
"MIL48131123","All Websites [USD]","Tools & Lighting",5,5,"Discount"
"MIL48131123","All Websites [USD]","B2B Registered Users",5,5,"Discount"
"MIL48131253","All Websites [USD]","Tools & Lighting",5,5,"Discount"
"MIL48131253","All Websites [USD]","B2B Registered Users",5,5,"Discount"
"MIL48135750","All Websites [USD]","B2B Registered Users",5,5,"Discount"
"MIL48135750","All Websites [USD]","Tools & Lighting",5,5,"Discount"
"MIL48135870","All Websites [USD]","B2B Registered Users",5,5,"Discount"
"MIL48135870","All Websites [USD]","Tools & Lighting",5,5,"Discount"
"MIL48136000","All Websites [USD]","Tools & Lighting",5,5,"Discount"
"MIL48136000","All Websites [USD]","B2B Registered Users",5,5,"Discount"
"MIL48136120","All Websites [USD]","Tools & Lighting",5,5,"Discount"
"MIL48136120","All Websites [USD]","B2B Registered Users",5,5,"Discount"
"MIL48136250","All Websites [USD]","Tools & Lighting",5,5,"Discount"
"MIL48136250","All Websites [USD]","B2B Registered Users",5,5,"Discount"
"MIL48136500","All Websites [USD]","Tools & Lighting",5,5,"Discount"
"MIL48136500","All Websites [USD]","B2B Registered Users",5,5,"Discount"
"MIL48137125","All Websites [USD]","Tools & Lighting",5,5,"Discount"
"MIL48137125","All Websites [USD]","B2B Registered Users",5,5,"Discount"
"MIL48137137","All Websites [USD]","Tools & Lighting",5,5,"Discount"
"MIL48137137","All Websites [USD]","B2B Registered Users",5,5,"Discount"
"MIL48137225","All Websites [USD]","Tools & Lighting",5,5,"Discount"
"MIL48137225","All Websites [USD]","B2B Registered Users",5,5,"Discount"
"MIL48137237","All Websites [USD]","Tools & Lighting",5,5,"Discount"
"MIL48137237","All Websites [USD]","B2B Registered Users",5,5,"Discount"
"MIL48137325","All Websites [USD]","Tools & Lighting",5,5,"Discount"
"MIL48137325","All Websites [USD]","B2B Registered Users",5,5,"Discount"
"MIL48137337","All Websites [USD]","Tools & Lighting",5,5,"Discount"
"MIL48137337","All Websites [USD]","B2B Registered Users",5,5,"Discount"
"MIL48207091","All Websites [USD]","B2B Registered Users",5,5,"Discount"
"MIL48207091","All Websites [USD]","Tools & Lighting",5,5,"Discount"
"MIL48207092","All Websites [USD]","Tools & Lighting",5,5,"Discount"
"MIL48207092","All Websites [USD]","B2B Registered Users",5,5,"Discount"
"MIL48207410","All Websites [USD]","Tools & Lighting",5,5,"Discount"
"MIL48207410","All Websites [USD]","B2B Registered Users",5,5,"Discount"
"MIL48207411","All Websites [USD]","Tools & Lighting",5,5,"Discount"
"MIL48207411","All Websites [USD]","B2B Registered Users",5,5,"Discount"
"MIL48207430","All Websites [USD]","Tools & Lighting",5,5,"Discount"
"MIL48207430","All Websites [USD]","B2B Registered Users",5,5,"Discount"
"MIL48207431","All Websites [USD]","Tools & Lighting",5,5,"Discount"
"MIL48207431","All Websites [USD]","B2B Registered Users",5,5,"Discount"
"MIL48207451","All Websites [USD]","Tools & Lighting",5,5,"Discount"
"MIL48207451","All Websites [USD]","B2B Registered Users",5,5,"Discount"
"MIL48207471","All Websites [USD]","Tools & Lighting",5,5,"Discount"
"MIL48207471","All Websites [USD]","B2B Registered Users",5,5,"Discount"
"MIL48207474","All Websites [USD]","Tools & Lighting",5,5,"Discount"
"MIL48207474","All Websites [USD]","B2B Registered Users",5,5,"Discount"
"MIL48207490","All Websites [USD]","Tools & Lighting",5,5,"Discount"
"MIL48207490","All Websites [USD]","B2B Registered Users",5,5,"Discount"
"MIL48208805","All Websites [USD]","Tools & Lighting",5,5,"Discount"
"MIL48208805","All Websites [USD]","B2B Registered Users",5,5,"Discount"
"MIL48208806","All Websites [USD]","Tools & Lighting",5,5,"Discount"
"MIL48208806","All Websites [USD]","B2B Registered Users",5,5,"Discount"
"MIL48208810","All Websites [USD]","Tools & Lighting",5,5,"Discount"
"MIL48208810","All Websites [USD]","B2B Registered Users",5,5,"Discount"
"MIL48208811","All Websites [USD]","Tools & Lighting",5,5,"Discount"
"MIL48208811","All Websites [USD]","B2B Registered Users",5,5,"Discount"
"MIL48208816","All Websites [USD]","Tools & Lighting",5,5,"Discount"
"MIL48208816","All Websites [USD]","B2B Registered Users",5,5,"Discount"
"MIL48208821","All Websites [USD]","Tools & Lighting",5,5,"Discount"
"MIL48208821","All Websites [USD]","B2B Registered Users",5,5,"Discount"
"MIL48208830","All Websites [USD]","B2B Registered Users",5,5,"Discount"
"MIL48208830","All Websites [USD]","Tools & Lighting",5,5,"Discount"
"MIL48208851","All Websites [USD]","Tools & Lighting",5,5,"Discount"
"MIL48208851","All Websites [USD]","B2B Registered Users",5,5,"Discount"
"MIL48220304","All Websites [USD]","Tools & Lighting",5,5,"Discount"
"MIL48220304","All Websites [USD]","B2B Registered Users",5,5,"Discount"
"MIL48221901","All Websites [USD]","Tools & Lighting",5,5,"Discount"
"MIL48221901","All Websites [USD]","B2B Registered Users",5,5,"Discount"
"MIL48221910","All Websites [USD]","Tools & Lighting",5,5,"Discount"
"MIL48221910","All Websites [USD]","B2B Registered Users",5,5,"Discount"
"MIL48222507","All Websites [USD]","Tools & Lighting",5,5,"Discount"
"MIL48222507","All Websites [USD]","B2B Registered Users",5,5,"Discount"
"MIL48223100","All Websites [USD]","B2B Registered Users",5,5,"Discount"
"MIL48223100","All Websites [USD]","Tools & Lighting",5,5,"Discount"
"MIL48225225","All Websites [USD]","Tools & Lighting",5,5,"Discount"
"MIL48225225","All Websites [USD]","B2B Registered Users",5,5,"Discount"
"MIL48251002","All Websites [USD]","Tools & Lighting",5,5,"Discount"
"MIL48251002","All Websites [USD]","B2B Registered Users",5,5,"Discount"
"MIL48251122","All Websites [USD]","Tools & Lighting",5,5,"Discount"
"MIL48251122","All Websites [USD]","B2B Registered Users",5,5,"Discount"
"MIL48251252","All Websites [USD]","Tools & Lighting",5,5,"Discount"
"MIL48251252","All Websites [USD]","B2B Registered Users",5,5,"Discount"
"MIL48251372","All Websites [USD]","Tools & Lighting",5,5,"Discount"
"MIL48251372","All Websites [USD]","B2B Registered Users",5,5,"Discount"
"MIL48251502","All Websites [USD]","Tools & Lighting",5,5,"Discount"
"MIL48251502","All Websites [USD]","B2B Registered Users",5,5,"Discount"
"MIL48251752","All Websites [USD]","Tools & Lighting",5,5,"Discount"
"MIL48251752","All Websites [USD]","B2B Registered Users",5,5,"Discount"
"MIL48252002","All Websites [USD]","Tools & Lighting",5,5,"Discount"
"MIL48252002","All Websites [USD]","B2B Registered Users",5,5,"Discount"
"MIL48252122","All Websites [USD]","Tools & Lighting",5,5,"Discount"
"MIL48252122","All Websites [USD]","B2B Registered Users",5,5,"Discount"
"MIL48252252","All Websites [USD]","Tools & Lighting",5,5,"Discount"
"MIL48252252","All Websites [USD]","B2B Registered Users",5,5,"Discount"
"MIL48252562","All Websites [USD]","Tools & Lighting",5,5,"Discount"
"MIL48252562","All Websites [USD]","B2B Registered Users",5,5,"Discount"
"MIL48256000","All Websites [USD]","B2B Registered Users",5,5,"Discount"
"MIL48256000","All Websites [USD]","Tools & Lighting",5,5,"Discount"
"MIL48271401","All Websites [USD]","Tools & Lighting",5,5,"Discount"
"MIL48271401","All Websites [USD]","B2B Registered Users",5,5,"Discount"
"MIL48281010","All Websites [USD]","Tools & Lighting",5,5,"Discount"
"MIL48281010","All Websites [USD]","B2B Registered Users",5,5,"Discount"
"MIL48281030","All Websites [USD]","Tools & Lighting",5,5,"Discount"
"MIL48281030","All Websites [USD]","B2B Registered Users",5,5,"Discount"
"MIL48281040","All Websites [USD]","Tools & Lighting",5,5,"Discount"
"MIL48281040","All Websites [USD]","B2B Registered Users",5,5,"Discount"
"MIL48281050","All Websites [USD]","Tools & Lighting",5,5,"Discount"
"MIL48281050","All Websites [USD]","B2B Registered Users",5,5,"Discount"
"MIL48321500","All Websites [USD]","Tools & Lighting",5,5,"Discount"
"MIL48321500","All Websites [USD]","B2B Registered Users",5,5,"Discount"
"MIL48321505","All Websites [USD]","Tools & Lighting",5,5,"Discount"
"MIL48321505","All Websites [USD]","B2B Registered Users",5,5,"Discount"
"MIL48324401","All Websites [USD]","Tools & Lighting",5,5,"Discount"
"MIL48324401","All Websites [USD]","B2B Registered Users",5,5,"Discount"
"MIL48324402","All Websites [USD]","B2B Registered Users",5,5,"Discount"
"MIL48324402","All Websites [USD]","Tools & Lighting",5,5,"Discount"
"MIL48324411","All Websites [USD]","Tools & Lighting",5,5,"Discount"
"MIL48324411","All Websites [USD]","B2B Registered Users",5,5,"Discount"
"MIL48324412","All Websites [USD]","Tools & Lighting",5,5,"Discount"
"MIL48324412","All Websites [USD]","B2B Registered Users",5,5,"Discount"
"MIL48324413","All Websites [USD]","Tools & Lighting",5,5,"Discount"
"MIL48324413","All Websites [USD]","B2B Registered Users",5,5,"Discount"
"MIL48324421","All Websites [USD]","Tools & Lighting",5,5,"Discount"
"MIL48324421","All Websites [USD]","B2B Registered Users",5,5,"Discount"
"MIL48324422","All Websites [USD]","Tools & Lighting",5,5,"Discount"
"MIL48324422","All Websites [USD]","B2B Registered Users",5,5,"Discount"
"MIL48324423","All Websites [USD]","Tools & Lighting",5,5,"Discount"
"MIL48324423","All Websites [USD]","B2B Registered Users",5,5,"Discount"
"MIL48324444","All Websites [USD]","Tools & Lighting",5,5,"Discount"
"MIL48324444","All Websites [USD]","B2B Registered Users",5,5,"Discount"
"MIL48324462","All Websites [USD]","B2B Registered Users",5,5,"Discount"
"MIL48324462","All Websites [USD]","Tools & Lighting",5,5,"Discount"
"MIL48324463","All Websites [USD]","Tools & Lighting",5,5,"Discount"
"MIL48324463","All Websites [USD]","B2B Registered Users",5,5,"Discount"
"MIL48324471","All Websites [USD]","Tools & Lighting",5,5,"Discount"
"MIL48324471","All Websites [USD]","B2B Registered Users",5,5,"Discount"
"MIL48324472","All Websites [USD]","Tools & Lighting",5,5,"Discount"
"MIL48324472","All Websites [USD]","B2B Registered Users",5,5,"Discount"
"MIL48324473","All Websites [USD]","Tools & Lighting",5,5,"Discount"
"MIL48324473","All Websites [USD]","B2B Registered Users",5,5,"Discount"
"MIL48324483","All Websites [USD]","Tools & Lighting",5,5,"Discount"
"MIL48324483","All Websites [USD]","B2B Registered Users",5,5,"Discount"
"MIL48324484","All Websites [USD]","Tools & Lighting",5,5,"Discount"
"MIL48324484","All Websites [USD]","B2B Registered Users",5,5,"Discount"
"MIL48324485","All Websites [USD]","Tools & Lighting",5,5,"Discount"
"MIL48324485","All Websites [USD]","B2B Registered Users",5,5,"Discount"
"MIL48324487","All Websites [USD]","B2B Registered Users",5,5,"Discount"
"MIL48324487","All Websites [USD]","Tools & Lighting",5,5,"Discount"
"MIL48324491","All Websites [USD]","B2B Registered Users",5,5,"Discount"
"MIL48324491","All Websites [USD]","Tools & Lighting",5,5,"Discount"
"MIL48324503","All Websites [USD]","B2B Registered Users",5,5,"Discount"
"MIL48324503","All Websites [USD]","Tools & Lighting",5,5,"Discount"
"MIL48324562","All Websites [USD]","Tools & Lighting",5,5,"Discount"
"MIL48324562","All Websites [USD]","B2B Registered Users",5,5,"Discount"
"MIL48324572","All Websites [USD]","Tools & Lighting",5,5,"Discount"
"MIL48324572","All Websites [USD]","B2B Registered Users",5,5,"Discount"
"MIL48324601","All Websites [USD]","B2B Registered Users",5,5,"Discount"
"MIL48324601","All Websites [USD]","Tools & Lighting",5,5,"Discount"
"MIL48324602","All Websites [USD]","B2B Registered Users",5,5,"Discount"
"MIL48324602","All Websites [USD]","Tools & Lighting",5,5,"Discount"
"MIL48324605","All Websites [USD]","B2B Registered Users",5,5,"Discount"
"MIL48324605","All Websites [USD]","Tools & Lighting",5,5,"Discount"
"MIL48324606","All Websites [USD]","B2B Registered Users",5,5,"Discount"
"MIL48324606","All Websites [USD]","Tools & Lighting",5,5,"Discount"
"MIL48390500","All Websites [USD]","Tools & Lighting",5,5,"Discount"
"MIL48390500","All Websites [USD]","B2B Registered Users",5,5,"Discount"
"MIL48390510","All Websites [USD]","B2B Registered Users",5,5,"Discount"
"MIL48390510","All Websites [USD]","Tools & Lighting",5,5,"Discount"
"MIL48390520","All Websites [USD]","B2B Registered Users",5,5,"Discount"
"MIL48390520","All Websites [USD]","Tools & Lighting",5,5,"Discount"
"MIL48390528","All Websites [USD]","B2B Registered Users",5,5,"Discount"
"MIL48390528","All Websites [USD]","Tools & Lighting",5,5,"Discount"
"MIL48390529","All Websites [USD]","B2B Registered Users",5,5,"Discount"
"MIL48390529","All Websites [USD]","Tools & Lighting",5,5,"Discount"
"MIL48390530","All Websites [USD]","B2B Registered Users",5,5,"Discount"
"MIL48390530","All Websites [USD]","Tools & Lighting",5,5,"Discount"
"MIL48390561","All Websites [USD]","Tools & Lighting",5,5,"Discount"
"MIL48390561","All Websites [USD]","B2B Registered Users",5,5,"Discount"
"MIL48390572","All Websites [USD]","Tools & Lighting",5,5,"Discount"
"MIL48390572","All Websites [USD]","B2B Registered Users",5,5,"Discount"
"MIL48404015","All Websites [USD]","B2B Registered Users",5,5,"Discount"
"MIL48404015","All Websites [USD]","Tools & Lighting",5,5,"Discount"
"MIL48404070","All Websites [USD]","B2B Registered Users",5,5,"Discount"
"MIL48404070","All Websites [USD]","Tools & Lighting",5,5,"Discount"
"MIL48404108","All Websites [USD]","B2B Registered Users",5,5,"Discount"
"MIL48404108","All Websites [USD]","Tools & Lighting",5,5,"Discount"
"MIL48404515","All Websites [USD]","Tools & Lighting",5,5,"Discount"
"MIL48404515","All Websites [USD]","B2B Registered Users",5,5,"Discount"
"MIL48430610","All Websites [USD]","Tools & Lighting",5,5,"Discount"
"MIL48430610","All Websites [USD]","B2B Registered Users",5,5,"Discount"
"MIL48430620","All Websites [USD]","B2B Registered Users",5,5,"Discount"
"MIL48430620","All Websites [USD]","Tools & Lighting",5,5,"Discount"
"MIL48430630","All Websites [USD]","B2B Registered Users",5,5,"Discount"
"MIL48430630","All Websites [USD]","Tools & Lighting",5,5,"Discount"
"MIL48553490","All Websites [USD]","Tools & Lighting",5,5,"Discount"
"MIL48553490","All Websites [USD]","B2B Registered Users",5,5,"Discount"
"MIL48553500","All Websites [USD]","B2B Registered Users",5,5,"Discount"
"MIL48553500","All Websites [USD]","Tools & Lighting",5,5,"Discount"
"MIL48553510","All Websites [USD]","B2B Registered Users",5,5,"Discount"
"MIL48553510","All Websites [USD]","Tools & Lighting",5,5,"Discount"
"MIL48553530","All Websites [USD]","Tools & Lighting",5,5,"Discount"
"MIL48553530","All Websites [USD]","B2B Registered Users",5,5,"Discount"
"MIL48591801","All Websites [USD]","B2B Registered Users",5,5,"Discount"
"MIL48591801","All Websites [USD]","Tools & Lighting",5,5,"Discount"
"MIL48591807","All Websites [USD]","Tools & Lighting",5,5,"Discount"
"MIL48591807","All Websites [USD]","B2B Registered Users",5,5,"Discount"
"MIL48591812","All Websites [USD]","B2B Registered Users",5,5,"Discount"
"MIL48591812","All Websites [USD]","Tools & Lighting",5,5,"Discount"
"MIL48592401","All Websites [USD]","B2B Registered Users",5,5,"Discount"
"MIL48592401","All Websites [USD]","Tools & Lighting",5,5,"Discount"
"MIL48592411","All Websites [USD]","B2B Registered Users",5,5,"Discount"
"MIL48592411","All Websites [USD]","Tools & Lighting",5,5,"Discount"
"MIL48890026","All Websites [USD]","B2B Registered Users",5,5,"Discount"
"MIL48890026","All Websites [USD]","Tools & Lighting",5,5,"Discount"
"MIL48892710","All Websites [USD]","Tools & Lighting",5,5,"Discount"
"MIL48892710","All Websites [USD]","B2B Registered Users",5,5,"Discount"
"MIL48892711","All Websites [USD]","Tools & Lighting",5,5,"Discount"
"MIL48892711","All Websites [USD]","B2B Registered Users",5,5,"Discount"
"MIL48892712","All Websites [USD]","B2B Registered Users",5,5,"Discount"
"MIL48892712","All Websites [USD]","Tools & Lighting",5,5,"Discount"
"MIL48892713","All Websites [USD]","Tools & Lighting",5,5,"Discount"
"MIL48892713","All Websites [USD]","B2B Registered Users",5,5,"Discount"
"MIL48892714","All Websites [USD]","Tools & Lighting",5,5,"Discount"
"MIL48892714","All Websites [USD]","B2B Registered Users",5,5,"Discount"
"MIL48892715","All Websites [USD]","Tools & Lighting",5,5,"Discount"
"MIL48892715","All Websites [USD]","B2B Registered Users",5,5,"Discount"
"MIL48892716","All Websites [USD]","Tools & Lighting",5,5,"Discount"
"MIL48892716","All Websites [USD]","B2B Registered Users",5,5,"Discount"
"MIL48892717","All Websites [USD]","Tools & Lighting",5,5,"Discount"
"MIL48892717","All Websites [USD]","B2B Registered Users",5,5,"Discount"
"MIL48892718","All Websites [USD]","Tools & Lighting",5,5,"Discount"
"MIL48892718","All Websites [USD]","B2B Registered Users",5,5,"Discount"
"MIL48892719","All Websites [USD]","Tools & Lighting",5,5,"Discount"
"MIL48892719","All Websites [USD]","B2B Registered Users",5,5,"Discount"
"MIL48892720","All Websites [USD]","Tools & Lighting",5,5,"Discount"
"MIL48892720","All Websites [USD]","B2B Registered Users",5,5,"Discount"
"MIL48892721","All Websites [USD]","Tools & Lighting",5,5,"Discount"
"MIL48892721","All Websites [USD]","B2B Registered Users",5,5,"Discount"
"MIL48892722","All Websites [USD]","Tools & Lighting",5,5,"Discount"
"MIL48892722","All Websites [USD]","B2B Registered Users",5,5,"Discount"
"MIL48892723","All Websites [USD]","Tools & Lighting",5,5,"Discount"
"MIL48892723","All Websites [USD]","B2B Registered Users",5,5,"Discount"
"MIL48892724","All Websites [USD]","Tools & Lighting",5,5,"Discount"
"MIL48892724","All Websites [USD]","B2B Registered Users",5,5,"Discount"
"MIL48892725","All Websites [USD]","Tools & Lighting",5,5,"Discount"
"MIL48892725","All Websites [USD]","B2B Registered Users",5,5,"Discount"
"MIL48892726","All Websites [USD]","Tools & Lighting",5,5,"Discount"
"MIL48892726","All Websites [USD]","B2B Registered Users",5,5,"Discount"
"MIL48892727","All Websites [USD]","Tools & Lighting",5,5,"Discount"
"MIL48892727","All Websites [USD]","B2B Registered Users",5,5,"Discount"
"MIL48892728","All Websites [USD]","B2B Registered Users",5,5,"Discount"
"MIL48892728","All Websites [USD]","Tools & Lighting",5,5,"Discount"
"MIL48892729","All Websites [USD]","Tools & Lighting",5,5,"Discount"
"MIL48892729","All Websites [USD]","B2B Registered Users",5,5,"Discount"
"MIL48892730","All Websites [USD]","Tools & Lighting",5,5,"Discount"
"MIL48892730","All Websites [USD]","B2B Registered Users",5,5,"Discount"
"MIL48892731","All Websites [USD]","Tools & Lighting",5,5,"Discount"
"MIL48892731","All Websites [USD]","B2B Registered Users",5,5,"Discount"
"MIL48892732","All Websites [USD]","Tools & Lighting",5,5,"Discount"
"MIL48892732","All Websites [USD]","B2B Registered Users",5,5,"Discount"
"MIL48892733","All Websites [USD]","Tools & Lighting",5,5,"Discount"
"MIL48892733","All Websites [USD]","B2B Registered Users",5,5,"Discount"
"MIL48892734","All Websites [USD]","Tools & Lighting",5,5,"Discount"
"MIL48892734","All Websites [USD]","B2B Registered Users",5,5,"Discount"
"MIL48892735","All Websites [USD]","Tools & Lighting",5,5,"Discount"
"MIL48892735","All Websites [USD]","B2B Registered Users",5,5,"Discount"
"MIL48892736","All Websites [USD]","B2B Registered Users",5,5,"Discount"
"MIL48892736","All Websites [USD]","Tools & Lighting",5,5,"Discount"
"MIL48892737","All Websites [USD]","B2B Registered Users",5,5,"Discount"
"MIL48892737","All Websites [USD]","Tools & Lighting",5,5,"Discount"
"MIL48892738","All Websites [USD]","B2B Registered Users",5,5,"Discount"
"MIL48892738","All Websites [USD]","Tools & Lighting",5,5,"Discount"
"MIL48892801","All Websites [USD]","Tools & Lighting",5,5,"Discount"
"MIL48892801","All Websites [USD]","B2B Registered Users",5,5,"Discount"
"MIL48892803","All Websites [USD]","Tools & Lighting",5,5,"Discount"
"MIL48892803","All Websites [USD]","B2B Registered Users",5,5,"Discount"
"MIL48894431","All Websites [USD]","Tools & Lighting",5,5,"Discount"
"MIL48894431","All Websites [USD]","B2B Registered Users",5,5,"Discount"
"MIL48899050","All Websites [USD]","B2B Registered Users",5,5,"Discount"
"MIL48899050","All Websites [USD]","Tools & Lighting",5,5,"Discount"
"MIL48899100","All Websites [USD]","B2B Registered Users",5,5,"Discount"
"MIL48899100","All Websites [USD]","Tools & Lighting",5,5,"Discount"
"MIL48899105","All Websites [USD]","B2B Registered Users",5,5,"Discount"
"MIL48899105","All Websites [USD]","Tools & Lighting",5,5,"Discount"
"MIL48899110","All Websites [USD]","B2B Registered Users",5,5,"Discount"
"MIL48899110","All Websites [USD]","Tools & Lighting",5,5,"Discount"
"MIL48899115","All Websites [USD]","Tools & Lighting",5,5,"Discount"
"MIL48899115","All Websites [USD]","B2B Registered Users",5,5,"Discount"
"MIL48899130","All Websites [USD]","B2B Registered Users",5,5,"Discount"
"MIL48899130","All Websites [USD]","Tools & Lighting",5,5,"Discount"
"MIL48899135","All Websites [USD]","B2B Registered Users",5,5,"Discount"
"MIL48899135","All Websites [USD]","Tools & Lighting",5,5,"Discount"
"MIL48899201","All Websites [USD]","Tools & Lighting",5,5,"Discount"
"MIL48899201","All Websites [USD]","B2B Registered Users",5,5,"Discount"
"MIL48899203","All Websites [USD]","Tools & Lighting",5,5,"Discount"
"MIL48899203","All Websites [USD]","B2B Registered Users",5,5,"Discount"
"MIL48899204","All Websites [USD]","B2B Registered Users",5,5,"Discount"
"MIL48899204","All Websites [USD]","Tools & Lighting",5,5,"Discount"
"MIL48899209","All Websites [USD]","Tools & Lighting",5,5,"Discount"
"MIL48899209","All Websites [USD]","B2B Registered Users",5,5,"Discount"
"MIL49150265","All Websites [USD]","B2B Registered Users",5,5,"Discount"
"MIL49150265","All Websites [USD]","Tools & Lighting",5,5,"Discount"
"MIL49170122","All Websites [USD]","B2B Registered Users",5,5,"Discount"
"MIL49170122","All Websites [USD]","Tools & Lighting",5,5,"Discount"
"MIL49220185","All Websites [USD]","B2B Registered Users",5,5,"Discount"
"MIL49220185","All Websites [USD]","Tools & Lighting",5,5,"Discount"
"MIL49221129","All Websites [USD]","Tools & Lighting",5,5,"Discount"
"MIL49221129","All Websites [USD]","B2B Registered Users",5,5,"Discount"
"MIL49221145","All Websites [USD]","Tools & Lighting",5,5,"Discount"
"MIL49221145","All Websites [USD]","B2B Registered Users",5,5,"Discount"
"MIL49224095","All Websites [USD]","B2B Registered Users",5,5,"Discount"
"MIL49224095","All Websites [USD]","Tools & Lighting",5,5,"Discount"
"MIL49224175","All Websites [USD]","Tools & Lighting",5,5,"Discount"
"MIL49224175","All Websites [USD]","B2B Registered Users",5,5,"Discount"
"MIL49228510","All Websites [USD]","B2B Registered Users",5,5,"Discount"
"MIL49228510","All Websites [USD]","Tools & Lighting",5,5,"Discount"
"MIL49242301","All Websites [USD]","B2B Registered Users",5,5,"Discount"
"MIL49242301","All Websites [USD]","Tools & Lighting",5,5,"Discount"
"MIL49242371","All Websites [USD]","B2B Registered Users",5,5,"Discount"
"MIL49242371","All Websites [USD]","Tools & Lighting",5,5,"Discount"
"MIL49560023","All Websites [USD]","B2B Registered Users",5,5,"Discount"
"MIL49560023","All Websites [USD]","Tools & Lighting",5,5,"Discount"
"MIL49560032","All Websites [USD]","Tools & Lighting",5,5,"Discount"
"MIL49560032","All Websites [USD]","B2B Registered Users",5,5,"Discount"
"MIL49560043","All Websites [USD]","B2B Registered Users",5,5,"Discount"
"MIL49560043","All Websites [USD]","Tools & Lighting",5,5,"Discount"
"MIL49560052","All Websites [USD]","B2B Registered Users",5,5,"Discount"
"MIL49560052","All Websites [USD]","Tools & Lighting",5,5,"Discount"
"MIL49560062","All Websites [USD]","B2B Registered Users",5,5,"Discount"
"MIL49560062","All Websites [USD]","Tools & Lighting",5,5,"Discount"
"MIL49560072","All Websites [USD]","B2B Registered Users",5,5,"Discount"
"MIL49560072","All Websites [USD]","Tools & Lighting",5,5,"Discount"
"MIL49560082","All Websites [USD]","Tools & Lighting",5,5,"Discount"
"MIL49560082","All Websites [USD]","B2B Registered Users",5,5,"Discount"
"MIL49560102","All Websites [USD]","Tools & Lighting",5,5,"Discount"
"MIL49560102","All Websites [USD]","B2B Registered Users",5,5,"Discount"
"MIL49560117","All Websites [USD]","B2B Registered Users",5,5,"Discount"
"MIL49560117","All Websites [USD]","Tools & Lighting",5,5,"Discount"
"MIL49560127","All Websites [USD]","B2B Registered Users",5,5,"Discount"
"MIL49560127","All Websites [USD]","Tools & Lighting",5,5,"Discount"
"MIL49560132","All Websites [USD]","B2B Registered Users",5,5,"Discount"
"MIL49560132","All Websites [USD]","Tools & Lighting",5,5,"Discount"
"MIL49560147","All Websites [USD]","Tools & Lighting",5,5,"Discount"
"MIL49560147","All Websites [USD]","B2B Registered Users",5,5,"Discount"
"MIL49560158","All Websites [USD]","Tools & Lighting",5,5,"Discount"
"MIL49560158","All Websites [USD]","B2B Registered Users",5,5,"Discount"
"MIL49560173","All Websites [USD]","B2B Registered Users",5,5,"Discount"
"MIL49560173","All Websites [USD]","Tools & Lighting",5,5,"Discount"
"MIL49560193","All Websites [USD]","B2B Registered Users",5,5,"Discount"
"MIL49560193","All Websites [USD]","Tools & Lighting",5,5,"Discount"
"MIL49560197","All Websites [USD]","B2B Registered Users",5,5,"Discount"
"MIL49560197","All Websites [USD]","Tools & Lighting",5,5,"Discount"
"MIL49560213","All Websites [USD]","B2B Registered Users",5,5,"Discount"
"MIL49560213","All Websites [USD]","Tools & Lighting",5,5,"Discount"
"MIL49560217","All Websites [USD]","Tools & Lighting",5,5,"Discount"
"MIL49560217","All Websites [USD]","B2B Registered Users",5,5,"Discount"
"MIL49560223","All Websites [USD]","B2B Registered Users",5,5,"Discount"
"MIL49560223","All Websites [USD]","Tools & Lighting",5,5,"Discount"
"MIL49560233","All Websites [USD]","B2B Registered Users",5,5,"Discount"
"MIL49560233","All Websites [USD]","Tools & Lighting",5,5,"Discount"
"MIL49567010","All Websites [USD]","B2B Registered Users",5,5,"Discount"
"MIL49567010","All Websites [USD]","Tools & Lighting",5,5,"Discount"
"MIL49567250","All Websites [USD]","B2B Registered Users",5,5,"Discount"
"MIL49567250","All Websites [USD]","Tools & Lighting",5,5,"Discount"
"MIL49568000","All Websites [USD]","B2B Registered Users",5,5,"Discount"
"MIL49568000","All Websites [USD]","Tools & Lighting",5,5,"Discount"
"MIL49568010","All Websites [USD]","Tools & Lighting",5,5,"Discount"
"MIL49568010","All Websites [USD]","B2B Registered Users",5,5,"Discount"
"MIL49569000","All Websites [USD]","Tools & Lighting",5,5,"Discount"
"MIL49569000","All Websites [USD]","B2B Registered Users",5,5,"Discount"
"MIL49569005","All Websites [USD]","B2B Registered Users",5,5,"Discount"
"MIL49569005","All Websites [USD]","Tools & Lighting",5,5,"Discount"
"MIL49569010","All Websites [USD]","B2B Registered Users",5,5,"Discount"
"MIL49569010","All Websites [USD]","Tools & Lighting",5,5,"Discount"
"MIL49569020","All Websites [USD]","B2B Registered Users",5,5,"Discount"
"MIL49569020","All Websites [USD]","Tools & Lighting",5,5,"Discount"
"MIL49569030","All Websites [USD]","Tools & Lighting",5,5,"Discount"
"MIL49569030","All Websites [USD]","B2B Registered Users",5,5,"Discount"
"MIL49569085","All Websites [USD]","Tools & Lighting",5,5,"Discount"
"MIL49569085","All Websites [USD]","B2B Registered Users",5,5,"Discount"
"MIL49569100","All Websites [USD]","B2B Registered Users",5,5,"Discount"
"MIL49569100","All Websites [USD]","Tools & Lighting",5,5,"Discount"
"MIL49569105","All Websites [USD]","B2B Registered Users",5,5,"Discount"
"MIL49569105","All Websites [USD]","Tools & Lighting",5,5,"Discount"
"MIL49664502","All Websites [USD]","B2B Registered Users",5,5,"Discount"
"MIL49664502","All Websites [USD]","Tools & Lighting",5,5,"Discount"
"MIL49664503","All Websites [USD]","B2B Registered Users",5,5,"Discount"
"MIL49664503","All Websites [USD]","Tools & Lighting",5,5,"Discount"
"MIL49664505","All Websites [USD]","Tools & Lighting",5,5,"Discount"
"MIL49664505","All Websites [USD]","B2B Registered Users",5,5,"Discount"
"MIL49664506","All Websites [USD]","B2B Registered Users",5,5,"Discount"
"MIL49664506","All Websites [USD]","Tools & Lighting",5,5,"Discount"
"MIL49664522","All Websites [USD]","B2B Registered Users",5,5,"Discount"
"MIL49664522","All Websites [USD]","Tools & Lighting",5,5,"Discount"
"MIL49664523","All Websites [USD]","B2B Registered Users",5,5,"Discount"
"MIL49664523","All Websites [USD]","Tools & Lighting",5,5,"Discount"
"MIL49664525","All Websites [USD]","B2B Registered Users",5,5,"Discount"
"MIL49664525","All Websites [USD]","Tools & Lighting",5,5,"Discount"
"MIL49664526","All Websites [USD]","Tools & Lighting",5,5,"Discount"
"MIL49664526","All Websites [USD]","B2B Registered Users",5,5,"Discount"
"MIL49664532","All Websites [USD]","Tools & Lighting",5,5,"Discount"
"MIL49664532","All Websites [USD]","B2B Registered Users",5,5,"Discount"
"MIL49664533","All Websites [USD]","B2B Registered Users",5,5,"Discount"
"MIL49664533","All Websites [USD]","Tools & Lighting",5,5,"Discount"
"MIL49664535","All Websites [USD]","B2B Registered Users",5,5,"Discount"
"MIL49664535","All Websites [USD]","Tools & Lighting",5,5,"Discount"
"MIL49664536","All Websites [USD]","B2B Registered Users",5,5,"Discount"
"MIL49664536","All Websites [USD]","Tools & Lighting",5,5,"Discount"
"MIL49664561","All Websites [USD]","Tools & Lighting",5,5,"Discount"
"MIL49664561","All Websites [USD]","B2B Registered Users",5,5,"Discount"
"MIL49664562","All Websites [USD]","Tools & Lighting",5,5,"Discount"
"MIL49664562","All Websites [USD]","B2B Registered Users",5,5,"Discount"
"MIL49810090","All Websites [USD]","B2B Registered Users",5,5,"Discount"
"MIL49810090","All Websites [USD]","Tools & Lighting",5,5,"Discount"
"MIL49810090","All Websites [USD]","Tools & Lighting",20,20,"Discount"
"MIL49810090","All Websites [USD]","Tools & Lighting",10,10,"Discount"
"MIL49902306","All Websites [USD]","B2B Registered Users",5,5,"Discount"
"MIL49902306","All Websites [USD]","Tools & Lighting",5,5,"Discount"
"MIL49941405","All Websites [USD]","B2B Registered Users",5,5,"Discount"
"MIL49941405","All Websites [USD]","Tools & Lighting",5,5,"Discount"
"MIL49944500","All Websites [USD]","B2B Registered Users",5,5,"Discount"
"MIL49944500","All Websites [USD]","Tools & Lighting",5,5,"Discount"
"MIL49946300","All Websites [USD]","B2B Registered Users",5,5,"Discount"
"MIL49946300","All Websites [USD]","Tools & Lighting",5,5,"Discount"
"MIL526321","All Websites [USD]","Tools & Lighting",5,5,"Discount"
"MIL526321","All Websites [USD]","B2B Registered Users",5,5,"Discount"
"MIL536321","All Websites [USD]","Tools & Lighting",5,5,"Discount"
"MIL536321","All Websites [USD]","B2B Registered Users",5,5,"Discount"
"MIL538021","All Websites [USD]","B2B Registered Users",5,5,"Discount"
"MIL538021","All Websites [USD]","Tools & Lighting",5,5,"Discount"
"MIL653821","All Websites [USD]","B2B Registered Users",5,5,"Discount"
"MIL653821","All Websites [USD]","Tools & Lighting",5,5,"Discount"
"MIL89899207","All Websites [USD]","B2B Registered Users",5,5,"Discount"
"MIL89899207","All Websites [USD]","Tools & Lighting",5,5,"Discount"
